domain,label
google.com,safe
youtube.com,safe
facebook.com,safe
baidu.com,safe
wikipedia.org,safe
yahoo.com,safe
reddit.com,safe
amazon.com,safe
twitter.com,safe
instagram.com,safe
linkedin.com,safe
netflix.com,safe
whatsapp.com,safe
live.com,safe
zoom.us,safe
microsoft.com,safe
office.com,safe
bing.com,safe
pinterest.com,safe
apple.com,safe
google20.com,safe
youtube21.com,safe
facebook22.com,safe
baidu23.com,safe
wikipedia24.com,safe
yahoo25.com,safe
reddit26.com,safe
amazon27.com,safe
twitter28.com,safe
instagram29.com,safe
linkedin30.com,safe
netflix31.com,safe
whatsapp32.com,safe
live33.com,safe
zoo34.com,safe
microsoft35.com,safe
office36.com,safe
bing37.com,safe
pinterest38.com,safe
apple39.com,safe
google40.com,safe
youtube41.com,safe
facebook42.com,safe
baidu43.com,safe
wikipedia44.com,safe
yahoo45.com,safe
reddit46.com,safe
amazon47.com,safe
twitter48.com,safe
instagram49.com,safe
linkedin50.com,safe
netflix51.com,safe
whatsapp52.com,safe
live53.com,safe
zoo54.com,safe
microsoft55.com,safe
office56.com,safe
bing57.com,safe
pinterest58.com,safe
apple59.com,safe
google60.com,safe
youtube61.com,safe
facebook62.com,safe
baidu63.com,safe
wikipedia64.com,safe
yahoo65.com,safe
reddit66.com,safe
amazon67.com,safe
twitter68.com,safe
instagram69.com,safe
linkedin70.com,safe
netflix71.com,safe
whatsapp72.com,safe
live73.com,safe
zoo74.com,safe
microsoft75.com,safe
office76.com,safe
bing77.com,safe
pinterest78.com,safe
apple79.com,safe
google80.com,safe
youtube81.com,safe
facebook82.com,safe
baidu83.com,safe
wikipedia84.com,safe
yahoo85.com,safe
reddit86.com,safe
amazon87.com,safe
twitter88.com,safe
instagram89.com,safe
linkedin90.com,safe
netflix91.com,safe
whatsapp92.com,safe
live93.com,safe
zoo94.com,safe
microsoft95.com,safe
office96.com,safe
bing97.com,safe
pinterest98.com,safe
apple99.com,safe
google100.com,safe
youtube101.com,safe
facebook102.com,safe
baidu103.com,safe
wikipedia104.com,safe
yahoo105.com,safe
reddit106.com,safe
amazon107.com,safe
twitter108.com,safe
instagram109.com,safe
linkedin110.com,safe
netflix111.com,safe
whatsapp112.com,safe
live113.com,safe
zoo114.com,safe
microsoft115.com,safe
office116.com,safe
bing117.com,safe
pinterest118.com,safe
apple119.com,safe
google120.com,safe
youtube121.com,safe
facebook122.com,safe
baidu123.com,safe
wikipedia124.com,safe
yahoo125.com,safe
reddit126.com,safe
amazon127.com,safe
twitter128.com,safe
instagram129.com,safe
linkedin130.com,safe
netflix131.com,safe
whatsapp132.com,safe
live133.com,safe
zoo134.com,safe
microsoft135.com,safe
office136.com,safe
bing137.com,safe
pinterest138.com,safe
apple139.com,safe
google140.com,safe
youtube141.com,safe
facebook142.com,safe
baidu143.com,safe
wikipedia144.com,safe
yahoo145.com,safe
reddit146.com,safe
amazon147.com,safe
twitter148.com,safe
instagram149.com,safe
linkedin150.com,safe
netflix151.com,safe
whatsapp152.com,safe
live153.com,safe
zoo154.com,safe
microsoft155.com,safe
office156.com,safe
bing157.com,safe
pinterest158.com,safe
apple159.com,safe
google160.com,safe
youtube161.com,safe
facebook162.com,safe
baidu163.com,safe
wikipedia164.com,safe
yahoo165.com,safe
reddit166.com,safe
amazon167.com,safe
twitter168.com,safe
instagram169.com,safe
linkedin170.com,safe
netflix171.com,safe
whatsapp172.com,safe
live173.com,safe
zoo174.com,safe
microsoft175.com,safe
office176.com,safe
bing177.com,safe
pinterest178.com,safe
apple179.com,safe
google180.com,safe
youtube181.com,safe
facebook182.com,safe
baidu183.com,safe
wikipedia184.com,safe
yahoo185.com,safe
reddit186.com,safe
amazon187.com,safe
twitter188.com,safe
instagram189.com,safe
linkedin190.com,safe
netflix191.com,safe
whatsapp192.com,safe
live193.com,safe
zoo194.com,safe
microsoft195.com,safe
office196.com,safe
bing197.com,safe
pinterest198.com,safe
apple199.com,safe
google200.com,safe
youtube201.com,safe
facebook202.com,safe
baidu203.com,safe
wikipedia204.com,safe
yahoo205.com,safe
reddit206.com,safe
amazon207.com,safe
twitter208.com,safe
instagram209.com,safe
linkedin210.com,safe
netflix211.com,safe
whatsapp212.com,safe
live213.com,safe
zoo214.com,safe
microsoft215.com,safe
office216.com,safe
bing217.com,safe
pinterest218.com,safe
apple219.com,safe
google220.com,safe
youtube221.com,safe
facebook222.com,safe
baidu223.com,safe
wikipedia224.com,safe
yahoo225.com,safe
reddit226.com,safe
amazon227.com,safe
twitter228.com,safe
instagram229.com,safe
linkedin230.com,safe
netflix231.com,safe
whatsapp232.com,safe
live233.com,safe
zoo234.com,safe
microsoft235.com,safe
office236.com,safe
bing237.com,safe
pinterest238.com,safe
apple239.com,safe
google240.com,safe
youtube241.com,safe
facebook242.com,safe
baidu243.com,safe
wikipedia244.com,safe
yahoo245.com,safe
reddit246.com,safe
amazon247.com,safe
twitter248.com,safe
instagram249.com,safe
linkedin250.com,safe
netflix251.com,safe
whatsapp252.com,safe
live253.com,safe
zoo254.com,safe
microsoft255.com,safe
office256.com,safe
bing257.com,safe
pinterest258.com,safe
apple259.com,safe
google260.com,safe
youtube261.com,safe
facebook262.com,safe
baidu263.com,safe
wikipedia264.com,safe
yahoo265.com,safe
reddit266.com,safe
amazon267.com,safe
twitter268.com,safe
instagram269.com,safe
linkedin270.com,safe
netflix271.com,safe
whatsapp272.com,safe
live273.com,safe
zoo274.com,safe
microsoft275.com,safe
office276.com,safe
bing277.com,safe
pinterest278.com,safe
apple279.com,safe
google280.com,safe
youtube281.com,safe
facebook282.com,safe
baidu283.com,safe
wikipedia284.com,safe
yahoo285.com,safe
reddit286.com,safe
amazon287.com,safe
twitter288.com,safe
instagram289.com,safe
linkedin290.com,safe
netflix291.com,safe
whatsapp292.com,safe
live293.com,safe
zoo294.com,safe
microsoft295.com,safe
office296.com,safe
bing297.com,safe
pinterest298.com,safe
apple299.com,safe
google300.com,safe
youtube301.com,safe
facebook302.com,safe
baidu303.com,safe
wikipedia304.com,safe
yahoo305.com,safe
reddit306.com,safe
amazon307.com,safe
twitter308.com,safe
instagram309.com,safe
linkedin310.com,safe
netflix311.com,safe
whatsapp312.com,safe
live313.com,safe
zoo314.com,safe
microsoft315.com,safe
office316.com,safe
bing317.com,safe
pinterest318.com,safe
apple319.com,safe
google320.com,safe
youtube321.com,safe
facebook322.com,safe
baidu323.com,safe
wikipedia324.com,safe
yahoo325.com,safe
reddit326.com,safe
amazon327.com,safe
twitter328.com,safe
instagram329.com,safe
linkedin330.com,safe
netflix331.com,safe
whatsapp332.com,safe
live333.com,safe
zoo334.com,safe
microsoft335.com,safe
office336.com,safe
bing337.com,safe
pinterest338.com,safe
apple339.com,safe
google340.com,safe
youtube341.com,safe
facebook342.com,safe
baidu343.com,safe
wikipedia344.com,safe
yahoo345.com,safe
reddit346.com,safe
amazon347.com,safe
twitter348.com,safe
instagram349.com,safe
linkedin350.com,safe
netflix351.com,safe
whatsapp352.com,safe
live353.com,safe
zoo354.com,safe
microsoft355.com,safe
office356.com,safe
bing357.com,safe
pinterest358.com,safe
apple359.com,safe
google360.com,safe
youtube361.com,safe
facebook362.com,safe
baidu363.com,safe
wikipedia364.com,safe
yahoo365.com,safe
reddit366.com,safe
amazon367.com,safe
twitter368.com,safe
instagram369.com,safe
linkedin370.com,safe
netflix371.com,safe
whatsapp372.com,safe
live373.com,safe
zoo374.com,safe
microsoft375.com,safe
office376.com,safe
bing377.com,safe
pinterest378.com,safe
apple379.com,safe
google380.com,safe
youtube381.com,safe
facebook382.com,safe
baidu383.com,safe
wikipedia384.com,safe
yahoo385.com,safe
reddit386.com,safe
amazon387.com,safe
twitter388.com,safe
instagram389.com,safe
linkedin390.com,safe
netflix391.com,safe
whatsapp392.com,safe
live393.com,safe
zoo394.com,safe
microsoft395.com,safe
office396.com,safe
bing397.com,safe
pinterest398.com,safe
apple399.com,safe
google400.com,safe
youtube401.com,safe
facebook402.com,safe
baidu403.com,safe
wikipedia404.com,safe
yahoo405.com,safe
reddit406.com,safe
amazon407.com,safe
twitter408.com,safe
instagram409.com,safe
linkedin410.com,safe
netflix411.com,safe
whatsapp412.com,safe
live413.com,safe
zoo414.com,safe
microsoft415.com,safe
office416.com,safe
bing417.com,safe
pinterest418.com,safe
apple419.com,safe
google420.com,safe
youtube421.com,safe
facebook422.com,safe
baidu423.com,safe
wikipedia424.com,safe
yahoo425.com,safe
reddit426.com,safe
amazon427.com,safe
twitter428.com,safe
instagram429.com,safe
linkedin430.com,safe
netflix431.com,safe
whatsapp432.com,safe
live433.com,safe
zoo434.com,safe
microsoft435.com,safe
office436.com,safe
bing437.com,safe
pinterest438.com,safe
apple439.com,safe
google440.com,safe
youtube441.com,safe
facebook442.com,safe
baidu443.com,safe
wikipedia444.com,safe
yahoo445.com,safe
reddit446.com,safe
amazon447.com,safe
twitter448.com,safe
instagram449.com,safe
linkedin450.com,safe
netflix451.com,safe
whatsapp452.com,safe
live453.com,safe
zoo454.com,safe
microsoft455.com,safe
office456.com,safe
bing457.com,safe
pinterest458.com,safe
apple459.com,safe
google460.com,safe
youtube461.com,safe
facebook462.com,safe
baidu463.com,safe
wikipedia464.com,safe
yahoo465.com,safe
reddit466.com,safe
amazon467.com,safe
twitter468.com,safe
instagram469.com,safe
linkedin470.com,safe
netflix471.com,safe
whatsapp472.com,safe
live473.com,safe
zoo474.com,safe
microsoft475.com,safe
office476.com,safe
bing477.com,safe
pinterest478.com,safe
apple479.com,safe
google480.com,safe
youtube481.com,safe
facebook482.com,safe
baidu483.com,safe
wikipedia484.com,safe
yahoo485.com,safe
reddit486.com,safe
amazon487.com,safe
twitter488.com,safe
instagram489.com,safe
linkedin490.com,safe
netflix491.com,safe
whatsapp492.com,safe
live493.com,safe
zoo494.com,safe
microsoft495.com,safe
office496.com,safe
bing497.com,safe
pinterest498.com,safe
apple499.com,safe
google500.com,safe
youtube501.com,safe
facebook502.com,safe
baidu503.com,safe
wikipedia504.com,safe
yahoo505.com,safe
reddit506.com,safe
amazon507.com,safe
twitter508.com,safe
instagram509.com,safe
linkedin510.com,safe
netflix511.com,safe
whatsapp512.com,safe
live513.com,safe
zoo514.com,safe
microsoft515.com,safe
office516.com,safe
bing517.com,safe
pinterest518.com,safe
apple519.com,safe
google520.com,safe
youtube521.com,safe
facebook522.com,safe
baidu523.com,safe
wikipedia524.com,safe
yahoo525.com,safe
reddit526.com,safe
amazon527.com,safe
twitter528.com,safe
instagram529.com,safe
linkedin530.com,safe
netflix531.com,safe
whatsapp532.com,safe
live533.com,safe
zoo534.com,safe
microsoft535.com,safe
office536.com,safe
bing537.com,safe
pinterest538.com,safe
apple539.com,safe
google540.com,safe
youtube541.com,safe
facebook542.com,safe
baidu543.com,safe
wikipedia544.com,safe
yahoo545.com,safe
reddit546.com,safe
amazon547.com,safe
twitter548.com,safe
instagram549.com,safe
linkedin550.com,safe
netflix551.com,safe
whatsapp552.com,safe
live553.com,safe
zoo554.com,safe
microsoft555.com,safe
office556.com,safe
bing557.com,safe
pinterest558.com,safe
apple559.com,safe
google560.com,safe
youtube561.com,safe
facebook562.com,safe
baidu563.com,safe
wikipedia564.com,safe
yahoo565.com,safe
reddit566.com,safe
amazon567.com,safe
twitter568.com,safe
instagram569.com,safe
linkedin570.com,safe
netflix571.com,safe
whatsapp572.com,safe
live573.com,safe
zoo574.com,safe
microsoft575.com,safe
office576.com,safe
bing577.com,safe
pinterest578.com,safe
apple579.com,safe
google580.com,safe
youtube581.com,safe
facebook582.com,safe
baidu583.com,safe
wikipedia584.com,safe
yahoo585.com,safe
reddit586.com,safe
amazon587.com,safe
twitter588.com,safe
instagram589.com,safe
linkedin590.com,safe
netflix591.com,safe
whatsapp592.com,safe
live593.com,safe
zoo594.com,safe
microsoft595.com,safe
office596.com,safe
bing597.com,safe
pinterest598.com,safe
apple599.com,safe
google600.com,safe
youtube601.com,safe
facebook602.com,safe
baidu603.com,safe
wikipedia604.com,safe
yahoo605.com,safe
reddit606.com,safe
amazon607.com,safe
twitter608.com,safe
instagram609.com,safe
linkedin610.com,safe
netflix611.com,safe
whatsapp612.com,safe
live613.com,safe
zoo614.com,safe
microsoft615.com,safe
office616.com,safe
bing617.com,safe
pinterest618.com,safe
apple619.com,safe
google620.com,safe
youtube621.com,safe
facebook622.com,safe
baidu623.com,safe
wikipedia624.com,safe
yahoo625.com,safe
reddit626.com,safe
amazon627.com,safe
twitter628.com,safe
instagram629.com,safe
linkedin630.com,safe
netflix631.com,safe
whatsapp632.com,safe
live633.com,safe
zoo634.com,safe
microsoft635.com,safe
office636.com,safe
bing637.com,safe
pinterest638.com,safe
apple639.com,safe
google640.com,safe
youtube641.com,safe
facebook642.com,safe
baidu643.com,safe
wikipedia644.com,safe
yahoo645.com,safe
reddit646.com,safe
amazon647.com,safe
twitter648.com,safe
instagram649.com,safe
linkedin650.com,safe
netflix651.com,safe
whatsapp652.com,safe
live653.com,safe
zoo654.com,safe
microsoft655.com,safe
office656.com,safe
bing657.com,safe
pinterest658.com,safe
apple659.com,safe
google660.com,safe
youtube661.com,safe
facebook662.com,safe
baidu663.com,safe
wikipedia664.com,safe
yahoo665.com,safe
reddit666.com,safe
amazon667.com,safe
twitter668.com,safe
instagram669.com,safe
linkedin670.com,safe
netflix671.com,safe
whatsapp672.com,safe
live673.com,safe
zoo674.com,safe
microsoft675.com,safe
office676.com,safe
bing677.com,safe
pinterest678.com,safe
apple679.com,safe
google680.com,safe
youtube681.com,safe
facebook682.com,safe
baidu683.com,safe
wikipedia684.com,safe
yahoo685.com,safe
reddit686.com,safe
amazon687.com,safe
twitter688.com,safe
instagram689.com,safe
linkedin690.com,safe
netflix691.com,safe
whatsapp692.com,safe
live693.com,safe
zoo694.com,safe
microsoft695.com,safe
office696.com,safe
bing697.com,safe
pinterest698.com,safe
apple699.com,safe
google700.com,safe
youtube701.com,safe
facebook702.com,safe
baidu703.com,safe
wikipedia704.com,safe
yahoo705.com,safe
reddit706.com,safe
amazon707.com,safe
twitter708.com,safe
instagram709.com,safe
linkedin710.com,safe
netflix711.com,safe
whatsapp712.com,safe
live713.com,safe
zoo714.com,safe
microsoft715.com,safe
office716.com,safe
bing717.com,safe
pinterest718.com,safe
apple719.com,safe
google720.com,safe
youtube721.com,safe
facebook722.com,safe
baidu723.com,safe
wikipedia724.com,safe
yahoo725.com,safe
reddit726.com,safe
amazon727.com,safe
twitter728.com,safe
instagram729.com,safe
linkedin730.com,safe
netflix731.com,safe
whatsapp732.com,safe
live733.com,safe
zoo734.com,safe
microsoft735.com,safe
office736.com,safe
bing737.com,safe
pinterest738.com,safe
apple739.com,safe
google740.com,safe
youtube741.com,safe
facebook742.com,safe
baidu743.com,safe
wikipedia744.com,safe
yahoo745.com,safe
reddit746.com,safe
amazon747.com,safe
twitter748.com,safe
instagram749.com,safe
linkedin750.com,safe
netflix751.com,safe
whatsapp752.com,safe
live753.com,safe
zoo754.com,safe
microsoft755.com,safe
office756.com,safe
bing757.com,safe
pinterest758.com,safe
apple759.com,safe
google760.com,safe
youtube761.com,safe
facebook762.com,safe
baidu763.com,safe
wikipedia764.com,safe
yahoo765.com,safe
reddit766.com,safe
amazon767.com,safe
twitter768.com,safe
instagram769.com,safe
linkedin770.com,safe
netflix771.com,safe
whatsapp772.com,safe
live773.com,safe
zoo774.com,safe
microsoft775.com,safe
office776.com,safe
bing777.com,safe
pinterest778.com,safe
apple779.com,safe
google780.com,safe
youtube781.com,safe
facebook782.com,safe
baidu783.com,safe
wikipedia784.com,safe
yahoo785.com,safe
reddit786.com,safe
amazon787.com,safe
twitter788.com,safe
instagram789.com,safe
linkedin790.com,safe
netflix791.com,safe
whatsapp792.com,safe
live793.com,safe
zoo794.com,safe
microsoft795.com,safe
office796.com,safe
bing797.com,safe
pinterest798.com,safe
apple799.com,safe
google800.com,safe
youtube801.com,safe
facebook802.com,safe
baidu803.com,safe
wikipedia804.com,safe
yahoo805.com,safe
reddit806.com,safe
amazon807.com,safe
twitter808.com,safe
instagram809.com,safe
linkedin810.com,safe
netflix811.com,safe
whatsapp812.com,safe
live813.com,safe
zoo814.com,safe
microsoft815.com,safe
office816.com,safe
bing817.com,safe
pinterest818.com,safe
apple819.com,safe
google820.com,safe
youtube821.com,safe
facebook822.com,safe
baidu823.com,safe
wikipedia824.com,safe
yahoo825.com,safe
reddit826.com,safe
amazon827.com,safe
twitter828.com,safe
instagram829.com,safe
linkedin830.com,safe
netflix831.com,safe
whatsapp832.com,safe
live833.com,safe
zoo834.com,safe
microsoft835.com,safe
office836.com,safe
bing837.com,safe
pinterest838.com,safe
apple839.com,safe
google840.com,safe
youtube841.com,safe
facebook842.com,safe
baidu843.com,safe
wikipedia844.com,safe
yahoo845.com,safe
reddit846.com,safe
amazon847.com,safe
twitter848.com,safe
instagram849.com,safe
linkedin850.com,safe
netflix851.com,safe
whatsapp852.com,safe
live853.com,safe
zoo854.com,safe
microsoft855.com,safe
office856.com,safe
bing857.com,safe
pinterest858.com,safe
apple859.com,safe
google860.com,safe
youtube861.com,safe
facebook862.com,safe
baidu863.com,safe
wikipedia864.com,safe
yahoo865.com,safe
reddit866.com,safe
amazon867.com,safe
twitter868.com,safe
instagram869.com,safe
linkedin870.com,safe
netflix871.com,safe
whatsapp872.com,safe
live873.com,safe
zoo874.com,safe
microsoft875.com,safe
office876.com,safe
bing877.com,safe
pinterest878.com,safe
apple879.com,safe
google880.com,safe
youtube881.com,safe
facebook882.com,safe
baidu883.com,safe
wikipedia884.com,safe
yahoo885.com,safe
reddit886.com,safe
amazon887.com,safe
twitter888.com,safe
instagram889.com,safe
linkedin890.com,safe
netflix891.com,safe
whatsapp892.com,safe
live893.com,safe
zoo894.com,safe
microsoft895.com,safe
office896.com,safe
bing897.com,safe
pinterest898.com,safe
apple899.com,safe
google900.com,safe
youtube901.com,safe
facebook902.com,safe
baidu903.com,safe
wikipedia904.com,safe
yahoo905.com,safe
reddit906.com,safe
amazon907.com,safe
twitter908.com,safe
instagram909.com,safe
linkedin910.com,safe
netflix911.com,safe
whatsapp912.com,safe
live913.com,safe
zoo914.com,safe
microsoft915.com,safe
office916.com,safe
bing917.com,safe
pinterest918.com,safe
apple919.com,safe
google920.com,safe
youtube921.com,safe
facebook922.com,safe
baidu923.com,safe
wikipedia924.com,safe
yahoo925.com,safe
reddit926.com,safe
amazon927.com,safe
twitter928.com,safe
instagram929.com,safe
linkedin930.com,safe
netflix931.com,safe
whatsapp932.com,safe
live933.com,safe
zoo934.com,safe
microsoft935.com,safe
office936.com,safe
bing937.com,safe
pinterest938.com,safe
apple939.com,safe
google940.com,safe
youtube941.com,safe
facebook942.com,safe
baidu943.com,safe
wikipedia944.com,safe
yahoo945.com,safe
reddit946.com,safe
amazon947.com,safe
twitter948.com,safe
instagram949.com,safe
linkedin950.com,safe
netflix951.com,safe
whatsapp952.com,safe
live953.com,safe
zoo954.com,safe
microsoft955.com,safe
office956.com,safe
bing957.com,safe
pinterest958.com,safe
apple959.com,safe
google960.com,safe
youtube961.com,safe
facebook962.com,safe
baidu963.com,safe
wikipedia964.com,safe
yahoo965.com,safe
reddit966.com,safe
amazon967.com,safe
twitter968.com,safe
instagram969.com,safe
linkedin970.com,safe
netflix971.com,safe
whatsapp972.com,safe
live973.com,safe
zoo974.com,safe
microsoft975.com,safe
office976.com,safe
bing977.com,safe
pinterest978.com,safe
apple979.com,safe
google980.com,safe
youtube981.com,safe
facebook982.com,safe
baidu983.com,safe
wikipedia984.com,safe
yahoo985.com,safe
reddit986.com,safe
amazon987.com,safe
twitter988.com,safe
instagram989.com,safe
linkedin990.com,safe
netflix991.com,safe
whatsapp992.com,safe
live993.com,safe
zoo994.com,safe
microsoft995.com,safe
office996.com,safe
bing997.com,safe
pinterest998.com,safe
apple999.com,safe
